Event Name,Date,Location,Type,Region,Website,Latitude,Longitude,ShortForecast
Empty Graves,3/5/2024,Funhouse,Music,Capitol Hill / Central District,https://visitseattle.org/events/empty-graves/,43.6576535,-72.2840663,Weather forecast not found for specific date
Evan Dando (of the Lemonheads),3/5/2024,The Triple Door,Music,Downtown,https://visitseattle.org/events/evan-dando-of-the-lemonheads/,47.6086439,-122.337685,Sunny
Eve’s Bayou – smARTfilms: Black Luxury,3/5/2024,Bainbridge Island Museum of Art,Museums,West,https://visitseattle.org/events/eves-bayou-smartfilms-black-luxury/,47.6251322,-122.51453295865404,Sunny
Frond,3/5/2024,Sunset Tavern,Music,Fremont / Ballard,https://visitseattle.org/events/frond/,36.0254577,-114.9637699,Sunny
Marc E. Bassy,3/5/2024,Neumos,Music,Capitol Hill / Central District,https://visitseattle.org/events/marc-e-bassy/,47.613954,-122.3196108,Sunny
Maria Jose Llergo,3/6/2024,The Triple Door,Music,Downtown,https://visitseattle.org/events/maria-jose-llergo/,47.6086439,-122.337685,Partly Sunny
Shawn Phillips,3/6/2024,The Triple Door,Music,Downtown,https://visitseattle.org/events/shawn-phillips/,47.6086439,-122.337685,Partly Sunny
Atlus,3/7/2024,Nectar Lounge,Music,Fremont / Ballard,https://visitseattle.org/events/atlus/,47.6523876,-122.3538541520202,Mostly Sunny
Critical Mass Big Band,3/7/2024,The Royal Room,Music,South Seattle,https://visitseattle.org/events/critical-mass-big-band/,32.2275723,-110.9685178,Chance Rain Showers
Rick Estrin and The Nightcats,3/7/2024,The Triple Door,Music,Downtown,https://visitseattle.org/events/rick-estrin-and-the-nightcats/,47.6086439,-122.337685,Partly Sunny
Theresa Caputo Live,3/7/2024,The Moore Theatre,Theatre,Downtown,https://visitseattle.org/events/theresa-caputo-live/,42.2896932,-83.7207314,"Error fetching weather data: HTTPSConnectionPool(host='api.weather.gov', port=443): Read timed out. (read timeout=1)"
Calidore Quartet & Abeo Quartet,3/8/2024,415 Westlake,Music,Queen Anne / Seattle Center,https://visitseattle.org/events/calidore-quartet-abeo-quartet/,47.622554,-122.3386578,Chance Light Rain
Debut,3/8/2024,Barboza,Music,Capitol Hill / Central District,https://visitseattle.org/events/debut/,-13.248885,-41.0275842,Weather API response code: 404
Holding / Movement,3/8/2024,Benaroya Hall,Music,Downtown,https://visitseattle.org/events/holding-movement/,47.60811665,-122.33697040702705,Chance Light Rain
International Women’s Day Live Sessions Concert,3/8/2024,The Royal Room,Music,South Seattle,https://visitseattle.org/events/international-womens-day-live-sessions-concert/,32.2275723,-110.9685178,Mostly Sunny
Karla Bonoff,3/8/2024,The Triple Door,Music,Downtown,https://visitseattle.org/events/karla-bonoff/,47.6086439,-122.337685,Chance Light Rain
Seattle Kraken vs. Winnipeg Jets,3/8/2024,Climate Pledge Arena,Sports,Queen Anne / Seattle Center,https://visitseattle.org/events/seattle-kraken-vs-winnipeg-jets/,47.6219014,-122.353990491486,Chance Light Rain
Frye in Focus: LINEAJES + Frye Salon,Now through 3/9/2024,Frye Art Museum,Museums,Capitol Hill / Central District,https://visitseattle.org/events/frye-in-focus-lineajes-frye-salon/,47.60719095,-122.32405377084555,Light Rain
X:The Life and Times of Malcolm X,Now through 3/9/2024,Marion Oliver McCaw Hall,Music,Queen Anne / Seattle Center,https://visitseattle.org/events/xthe-life-and-times-of-malcolm-x/,47.62397705,-122.35038850536958,Light Rain
Bach St. John Passion,3/7/2024 through 3/9/2024,Benaroya Hall,Music,Downtown,https://visitseattle.org/events/bach-st-john-passion/,47.60811665,-122.33697040702705,Light Rain
Ariel Pink,3/9/2024,El Corazon,Music,Downtown,https://visitseattle.org/events/ariel-pink/,-5.2464353,-78.9699948,Weather API response code: 404
Biblioteka,3/9/2024,Sunset Tavern,Music,Fremont / Ballard,https://visitseattle.org/events/biblioteka/,36.0254577,-114.9637699,"Error fetching weather data: HTTPConnectionPool(host='api.weather.gov', port=80): Max retries exceeded with url: /points/36.0254577,-114.9637699 (Caused by ConnectTimeoutError(<urllib3.connection.HTTPConnection object at 0x7f7e51209c70>, 'Connection to api.weather.gov timed out. (connect timeout=1)'))"
Carnaval with EntreMundos Big Band,3/9/2024,The Royal Room,Music,South Seattle,https://visitseattle.org/events/carnaval-with-entremundos-big-band/,32.2275723,-110.9685178,Sunny
Coco Montoya,3/9/2024,The Triple Door,Music,Downtown,https://visitseattle.org/events/coco-montoya/,47.6086439,-122.337685,Light Rain
Helene Grimaud,3/9/2024,Meany Center for the Performing Arts,Music,University District,https://visitseattle.org/events/helene-grimaud/,N/A,N/A,N/A
Josiah and the Bonnevilles,3/9/2024,Barboza,Music,Capitol Hill / Central District,https://visitseattle.org/events/josiah-and-the-bonnevilles/,-13.248885,-41.0275842,Weather API response code: 404
Mahan Esfahan,3/9/2024,Town Hall Seattle,Music,Downtown,https://visitseattle.org/events/mahan-esfahan/,47.6090191,-122.32993774092222,Light Rain
Positive Fragmentation,Now through 3/10/2024,Bellevue Arts Museum,Museums,Bellevue / Eastside,https://visitseattle.org/events/positive-fragmentation/,-21.266983,55.4113864,Weather API response code: 404
Antonio M. Gomez: LINEAJES,Now through 3/10/2024,Frye Art Museum,Museums,Capitol Hill / Central District,https://visitseattle.org/events/antonio-m-gomez-lineajes/,47.60719095,-122.32405377084555,Light Rain
Soren Solkaer: Sort Sol,Now through 3/10/2024,National Nordic Museum,Museums,Fremont / Ballard,https://visitseattle.org/events/soren-solkaer-sort-sol/,47.668285600000004,-122.39177691452363,Rain
Luchadora!,Now through 3/10/2024,Seattle Children's Theatre,Theatre,Queen Anne / Seattle Center,https://visitseattle.org/events/luchadora/,47.6204553,-122.35225726215312,Light Rain
Deseo Carmin,3/10/2024,Sea Monster Lounge,Music,Wallingford / Greenlake,https://visitseattle.org/events/deseo-carmin/,47.6615049,-122.332319,Light Rain
Rhapsody in Shmaltz,3/10/2024,The Royal Room,Music,South Seattle,https://visitseattle.org/events/rhapsody-in-shmaltz/,32.2275723,-110.9685178,Sunny
Angie McMahon,3/11/2024,The Crocodile,Music,Downtown,https://visitseattle.org/events/angie-mcmahon/,47.6146474,-122.3490734,Light Rain
Earshot Golden Ear Awards Party: Jun Iida,3/11/2024,The Royal Room,Music,South Seattle,https://visitseattle.org/events/earshot-golden-ear-awards-party-jun-iida/,32.2275723,-110.9685178,Mostly Sunny
Sasha LaPointe,3/11/2024,Town Hall Seattle,Readings & Lectures,Downtown,https://visitseattle.org/events/sasha-lapointe/,47.6090191,-122.32993774092222,Light Rain
Wild Cats Revealed | National Geographic Live,3/10/2024 through 3/12/2024,Benaroya Hall,Readings & Lectures,Downtown,https://visitseattle.org/events/wild-cats-revealed-national-geographic-live/,47.60811665,-122.33697040702705,Weather forecast not found for specific date
Seattle Kraken vs. Vegas Golden Knights,3/12/2024,Climate Pledge Arena,Sports,Queen Anne / Seattle Center,https://visitseattle.org/events/seattle-kraken-vs-vegas-golden-knights/,47.6219014,-122.353990491486,Weather forecast not found for specific date
Special EFX All Stars,3/12/2024,The Triple Door,Music,Downtown,https://visitseattle.org/events/special-efx-all-stars/,47.6086439,-122.337685,Weather forecast not found for specific date
Black Uhuru,3/13/2024,Nectar Lounge,Music,Fremont / Ballard,https://visitseattle.org/events/black-uhuru/,47.6523876,-122.3538541520202,Weather forecast not found for specific date
Cody Bartels,3/13/2024,High Dive,Music,Fremont / Ballard,https://visitseattle.org/events/cody-bartels/,41.7111625,-93.6318959,Weather forecast not found for specific date
Eyedress,3/13/2024,The Showbox,Music,Downtown,https://visitseattle.org/events/eyedress/,47.6085136,-122.3394726,Weather forecast not found for specific date
Kendra Morris,3/13/2024,Sunset Tavern,Music,Fremont / Ballard,https://visitseattle.org/events/kendra-morris/,36.0254577,-114.9637699,Weather forecast not found for specific date
My Dinner with SAM,3/13/2024,Seattle Art Museum,Museums,Downtown,https://visitseattle.org/events/my-dinner-with-sam/,47.6077008,-122.3385575,Weather forecast not found for specific date
Tim Berne Trio,3/13/2024,The Royal Room,Music,South Seattle,https://visitseattle.org/events/tim-berne-trio/,32.2275723,-110.9685178,Weather forecast not found for specific date
Cool Company,3/14/2024,High Dive,Music,Fremont / Ballard,https://visitseattle.org/events/cool-company/,41.7111625,-93.6318959,Weather forecast not found for specific date
Seattle Kraken vs. Washington Capitals,3/14/2024,Climate Pledge Arena,Sports,Queen Anne / Seattle Center,https://visitseattle.org/events/seattle-kraken-vs-washington-capitals/,47.6219014,-122.353990491486,Weather forecast not found for specific date
Taste Washington: Pacific Standard,3/14/2024,Pier 62,Festivals & Special Events,Downtown,https://visitseattle.org/events/taste-washington-pacific-standard/,47.60853229999999,-122.34484275866666,Weather forecast not found for specific date
"The Lord of the Rings, The Return of the King",3/14/2024,National Nordic Museum,Museums,Fremont / Ballard,https://visitseattle.org/events/the-lord-of-the-rings-the-return-of-the-king/,47.668285600000004,-122.39177691452363,Weather forecast not found for specific date
Autoheart,3/15/2024,El Corazon,Music,Downtown,https://visitseattle.org/events/autoheart/,-5.2464353,-78.9699948,Weather API response code: 404
Drew Martin,3/15/2024,Sunset Tavern,Music,Fremont / Ballard,https://visitseattle.org/events/drew-martin/,36.0254577,-114.9637699,Weather forecast not found for specific date
Goose Vargis,3/15/2024,High Dive,Music,Fremont / Ballard,https://visitseattle.org/events/goose-vargis/,41.7111625,-93.6318959,Weather forecast not found for specific date
MitiS,3/15/2024,Showbox SoDo,Music,Pioneer Square,https://visitseattle.org/events/mitis/,47.5880461,-122.333928,Weather forecast not found for specific date
Shakey,3/15/2024,Slim's Last Chance,Music,South Seattle,https://visitseattle.org/events/shakey/,47.5524903,-122.33389967462686,Weather forecast not found for specific date
Taste Washington: The New Vintage,3/15/2024,Pier 62,Festivals & Special Events,Downtown,https://visitseattle.org/events/taste-washington-the-new-vintage/,47.60853229999999,-122.34484275866666,Weather forecast not found for specific date
Taylor Rave,3/15/2024,The Showbox,Music,Downtown,https://visitseattle.org/events/taylor-rave/,47.6085136,-122.3394726,Weather forecast not found for specific date
The Snuts,3/15/2024,Barboza,Music,Capitol Hill / Central District,https://visitseattle.org/events/the-snuts/,-13.248885,-41.0275842,Weather API response code: 404
Tuomo and Markus Concert,3/15/2024,National Nordic Museum,Museums,Fremont / Ballard,https://visitseattle.org/events/tuomo-and-markus-concert/,47.668285600000004,-122.39177691452363,Weather forecast not found for specific date
Mark Morris Dance Group: The Look of Love,3/14/2024 through 3/16/2024,Meany Center for the Performing Arts,Music,University District,https://visitseattle.org/events/mark-morris-dance-group-the-look-of-love/,N/A,N/A,N/A
Sibelius & Nielsen,3/14/2024 through 3/16/2024,Benaroya Hall,Music,Downtown,https://visitseattle.org/events/sibelius-nielsen/,47.60811665,-122.33697040702705,Weather forecast not found for specific date
Tacoma Stars vs. Chihuahua Savage,3/15/2024 through 3/16/2024,accesso ShoWare Center,Sports,South,https://visitseattle.org/events/tacoma-stars-vs-chihuahua-savage/,47.38765995,-122.24000381780328,Weather forecast not found for specific date
Matt Hansen,3/16/2024,Barboza,Music,Capitol Hill / Central District,https://visitseattle.org/events/matt-hansen/,-13.248885,-41.0275842,Weather API response code: 404
Ricky Montgomery,3/16/2024,The Showbox,Music,Downtown,https://visitseattle.org/events/ricky-montgomery/,47.6085136,-122.3394726,Weather forecast not found for specific date
Seattle Kraken vs. Nashville Predators,3/16/2024,Climate Pledge Arena,Sports,Queen Anne / Seattle Center,https://visitseattle.org/events/seattle-kraken-vs-nashville-predators/,47.6219014,-122.353990491486,Weather forecast not found for specific date
Seattle Sounders FC vs. Colorado Rapids,3/16/2024,Lumen Field,Sports,Pioneer Square,https://visitseattle.org/events/seattle-sounders-fc-vs-colorado-rapids/,47.5953459,-122.33164431196111,Weather forecast not found for specific date
Taste Washington: The Seminars,3/16/2024,"Seattle, WA",Festivals & Special Events,Downtown,https://visitseattle.org/events/taste-washington-the-seminars/,47.6038321,-122.330062,Weather forecast not found for specific date
Warren Zeiders,3/16/2024,Showbox SoDo,Music,Pioneer Square,https://visitseattle.org/events/warren-zeiders/,47.5880461,-122.333928,Weather forecast not found for specific date
Native Portraiture: Power and Perception,Now through 3/17/2024,Tacoma Art Museum,Museums,South,https://visitseattle.org/events/native-portraiture-power-and-perception/,47.2475134,-122.43680521780016,Weather forecast not found for specific date
Places to Call Home: Settlements in the West,Now through 3/17/2024,Tacoma Art Museum,Museums,South,https://visitseattle.org/events/places-to-call-home-settlements-in-the-west/,47.2475134,-122.43680521780016,Weather forecast not found for specific date
Nobody Lives Here,Now through 3/17/2024,Wing Luke Museum,Museums,International District,https://visitseattle.org/events/nobody-lives-here/,47.5982461,-122.3228705,Weather forecast not found for specific date
Seattle Jewish Film Festival,Now through 3/17/2024,"Seattle, WA",Festivals & Special Events,Downtown,https://visitseattle.org/events/seattle-jewish-film-festival/,47.6038321,-122.330062,Weather forecast not found for specific date
Rootabaga Country,3/8/2024 through 3/17/2024,Opera Center,Music,Queen Anne / Seattle Center,https://visitseattle.org/events/rootabaga-country/,44.43358325,26.079138268508792,Weather API response code: 404
Judith Hill – Letters from A Black Widow Tour,3/14/2024 through 3/17/2024,Dimitriou's Jazz Alley,Music,Downtown,https://visitseattle.org/events/judith-hill-letters-from-a-black-widow-tour/,47.6148163,-122.339691,Weather forecast not found for specific date
Festal: Irish Festival Seattle,3/16/2024 through 3/17/2024,Seattle Center,Festivals & Special Events,Queen Anne / Seattle Center,https://visitseattle.org/events/festal-irish-festival-seattle/,47.621255,-122.34974101387942,Weather forecast not found for specific date
Taste Washington: The Grand Tasting,3/16/2024 through 3/17/2024,Lumen Field,Festivals & Special Events,Pioneer Square,https://visitseattle.org/events/taste-washington-the-grand-tasting/,47.5953459,-122.33164431196111,Weather forecast not found for specific date
BAS,3/17/2024,Neumos,Music,Capitol Hill / Central District,https://visitseattle.org/events/bas/,47.613954,-122.3196108,Weather forecast not found for specific date
Brad Parsons,3/17/2024,High Dive,Music,Fremont / Ballard,https://visitseattle.org/events/brad-parsons/,41.7111625,-93.6318959,Weather forecast not found for specific date
Rylan Fischer,3/17/2024,Sunset Tavern,Music,Fremont / Ballard,https://visitseattle.org/events/rylan-fischer/,36.0254577,-114.9637699,Weather forecast not found for specific date
Umphrey’s McGee,3/17/2024,The Showbox,Music,Downtown,https://visitseattle.org/events/umphreys-mcgee/,47.6085136,-122.3394726,Weather forecast not found for specific date
’68,3/18/2024,Funhouse,Music,Capitol Hill / Central District,https://visitseattle.org/events/68/,43.6576535,-72.2840663,Weather forecast not found for specific date
Jimmy Chamberlin Complex,3/18/2024,Neumos,Music,Capitol Hill / Central District,https://visitseattle.org/events/jimmy-chamberlin-complex/,47.613954,-122.3196108,Weather forecast not found for specific date
Seattle Kraken vs. Buffalo Sabres,3/18/2024,Climate Pledge Arena,Sports,Queen Anne / Seattle Center,https://visitseattle.org/events/seattle-kraken-vs-buffalo-sabres/,47.6219014,-122.353990491486,Weather forecast not found for specific date
Taste Washington: No Frills,3/18/2024,"Seattle, WA",Festivals & Special Events,Downtown,https://visitseattle.org/events/taste-washington-no-frills/,47.6038321,-122.330062,Weather forecast not found for specific date
Ana Tijoux,3/19/2024,The Crocodile,Music,Downtown,https://visitseattle.org/events/ana-tijoux/,47.6146474,-122.3490734,Weather forecast not found for specific date
Darkest Hour,3/19/2024,El Corazon,Music,Downtown,https://visitseattle.org/events/darkest-hour/,-5.2464353,-78.9699948,Weather API response code: 404
Dragontail Peak,3/19/2024,High Dive,Music,Fremont / Ballard,https://visitseattle.org/events/dragontail-peak/,41.7111625,-93.6318959,Weather forecast not found for specific date
El Perro del Mar,3/19/2024,Barboza,Music,Capitol Hill / Central District,https://visitseattle.org/events/el-perro-del-mar/,-13.248885,-41.0275842,Weather API response code: 404
Letterkenny,3/19/2024,Showbox SoDo,Theatre,Pioneer Square,https://visitseattle.org/events/letterkenny/,47.5880461,-122.333928,Weather forecast not found for specific date
True Loves,3/19/2024,Dimitriou's Jazz Alley,Music,Downtown,https://visitseattle.org/events/true-loves/,47.6148163,-122.339691,Weather forecast not found for specific date
Combichrist,3/20/2024,El Corazon,Music,Downtown,https://visitseattle.org/events/combichrist/,-5.2464353,-78.9699948,Weather API response code: 404
Jon Vinyl,3/20/2024,Barboza,Music,Capitol Hill / Central District,https://visitseattle.org/events/jon-vinyl/,-13.248885,-41.0275842,Weather API response code: 404
Mayuan Poet,3/20/2024,Neumos,Music,Capitol Hill / Central District,https://visitseattle.org/events/mayuan-poet/,47.613954,-122.3196108,Weather forecast not found for specific date
The Forensic Archive of Landscapes: Paloma Contreras Lomas,3/20/2024,Seattle Art Museum,Museums,Downtown,https://visitseattle.org/events/the-forensic-archive-of-landscapes-paloma-contreras-lomas/,47.6077008,-122.3385575,Weather forecast not found for specific date
Flyana Boss,3/21/2024,Barboza,Music,Capitol Hill / Central District,https://visitseattle.org/events/flyana-boss/,-13.248885,-41.0275842,Weather API response code: 404
glass beach,3/21/2024,Neumos,Music,Capitol Hill / Central District,https://visitseattle.org/events/glass-beach/,47.613954,-122.3196108,Weather forecast not found for specific date
Barely Alive,3/22/2024,The Showbox,Music,Downtown,https://visitseattle.org/events/barely-alive/,47.6085136,-122.3394726,Weather forecast not found for specific date
Dadi Freyr,3/22/2024,Showbox SoDo,Music,Pioneer Square,https://visitseattle.org/events/dadi-freyr/,47.5880461,-122.333928,Weather forecast not found for specific date
Taste Washington: Dinner Series,3/21/2024 through 3/23/2024,"Seattle, WA",Festivals & Special Events,Downtown,https://visitseattle.org/events/taste-washington-dinner-series/,47.6038321,-122.330062,Weather forecast not found for specific date
Alkaline Trio,3/23/2024,Showbox SoDo,Music,Pioneer Square,https://visitseattle.org/events/alkaline-trio/,47.5880461,-122.333928,Weather forecast not found for specific date
An Encomium for Doug Crutchfield,3/23/2024,National Nordic Museum,Museums,Fremont / Ballard,https://visitseattle.org/events/an-encomium-for-doug-crutchfield/,47.668285600000004,-122.39177691452363,Weather forecast not found for specific date
Jennifer Hartswick Band,3/23/2024,High Dive,Music,Fremont / Ballard,https://visitseattle.org/events/jennifer-hartswick-band/,41.7111625,-93.6318959,Weather forecast not found for specific date
Monster Energy AMA Supercross!,3/23/2024,Lumen Field,Festivals & Special Events,Pioneer Square,https://visitseattle.org/events/monster-energy-ama-supercross/,47.5953459,-122.33164431196111,Weather forecast not found for specific date
Tacoma Stars vs. Empire Strykers,3/23/2024,accesso ShoWare Center,Sports,South,https://visitseattle.org/events/tacoma-stars-vs-empire-strykers/,47.38765995,-122.24000381780328,Weather forecast not found for specific date
Something’s Afoot,Now through 3/24/2024,The 5th Avenue Theatre,Theatre,Downtown,https://visitseattle.org/events/somethings-afoot/,39.7329068,-75.1300389,Weather forecast not found for specific date
One Thousand Pieces,3/15/2024 through 3/24/2024,Marion Oliver McCaw Hall,Dance,Queen Anne / Seattle Center,https://visitseattle.org/events/one-thousand-pieces/,47.62397705,-122.35038850536958,Weather forecast not found for specific date
Marcus Miller,3/21/2024 through 3/24/2024,Dimitriou's Jazz Alley,Music,Downtown,https://visitseattle.org/events/marcus-miller/,47.6148163,-122.339691,Weather forecast not found for specific date
Simon Trpceski Plays Tchaikovsky,3/21/2024 through 3/24/2024,Benaroya Hall,Music,Downtown,https://visitseattle.org/events/simon-trpceski-plays-tchaikovsky/,47.60811665,-122.33697040702705,Weather forecast not found for specific date
Blank Canvas,3/24/2024,High Dive,Music,Fremont / Ballard,https://visitseattle.org/events/blank-canvas/,41.7111625,-93.6318959,Weather forecast not found for specific date
Celebrate Holi! Spring Festival of Colors from South Asia,3/24/2024,Burke Museum,Museums,University District,https://visitseattle.org/events/celebrate-holi-spring-festival-of-colors-from-south-asia/,47.6605211,-122.31156049949824,Weather forecast not found for specific date
Festal: Seattle’s French Fest,3/24/2024,Seattle Center,Festivals & Special Events,Queen Anne / Seattle Center,https://visitseattle.org/events/festal-seattles-french-fest/,47.621255,-122.34974101387942,Weather forecast not found for specific date
Kathy Ross: Serious Fun,3/24/2024,Bainbridge Island Museum of Art,Museums,West,https://visitseattle.org/events/kathy-ross-serious-fun/,47.6251322,-122.51453295865404,Weather forecast not found for specific date
Seattle Kraken vs. Montreal Canadiens,3/24/2024,Climate Pledge Arena,Sports,Queen Anne / Seattle Center,https://visitseattle.org/events/seattle-kraken-vs-montreal-canadiens/,47.6219014,-122.353990491486,Weather forecast not found for specific date
Ann Annie,3/25/2024,High Dive,Music,Fremont / Ballard,https://visitseattle.org/events/ann-annie/,41.7111625,-93.6318959,Weather forecast not found for specific date
Jonah Kagen,3/25/2024,Barboza,Music,Capitol Hill / Central District,https://visitseattle.org/events/jonah-kagen/,-13.248885,-41.0275842,Weather API response code: 404
Kim Dracula,3/25/2024,Neumos,Music,Capitol Hill / Central District,https://visitseattle.org/events/kim-dracula/,47.613954,-122.3196108,Weather forecast not found for specific date
Tea Obreht,3/25/2024,Elliott Bay Book Company,Readings & Lectures,Capitol Hill / Central District,https://visitseattle.org/events/tea-obreht/,47.6146657,-122.319677,Weather forecast not found for specific date
Seattle Kraken vs. Anaheim Ducks,3/26/2024,Climate Pledge Arena,Sports,Queen Anne / Seattle Center,https://visitseattle.org/events/seattle-kraken-vs-anaheim-ducks/,47.6219014,-122.353990491486,Weather forecast not found for specific date
Omar Sosa Quarteto Americanos,3/26/2024 through 3/27/2024,Dimitriou's Jazz Alley,Music,Downtown,https://visitseattle.org/events/omar-sosa-quarteto-americanos/,47.6148163,-122.339691,Weather forecast not found for specific date
Jazz Underground,3/27/2024,The Royal Room,Music,South Seattle,https://visitseattle.org/events/jazz-underground/,32.2275723,-110.9685178,Weather forecast not found for specific date
Paris Shadows,3/27/2024,High Dive,Music,Fremont / Ballard,https://visitseattle.org/events/paris-shadows/,41.7111625,-93.6318959,Weather forecast not found for specific date
Andre Nikatina,3/28/2024,Nectar Lounge,Music,Fremont / Ballard,https://visitseattle.org/events/andre-nikatina/,47.6523876,-122.3538541520202,Weather forecast not found for specific date
Foo Gazzi,3/28/2024,High Dive,Music,Fremont / Ballard,https://visitseattle.org/events/foo-gazzi/,41.7111625,-93.6318959,Weather forecast not found for specific date
Health,3/28/2024,The Showbox,Music,Downtown,https://visitseattle.org/events/health/,47.6085136,-122.3394726,Weather forecast not found for specific date
Seattle Kraken vs. Anaheim Ducks,3/28/2024,Climate Pledge Arena,Sports,Queen Anne / Seattle Center,https://visitseattle.org/events/seattle-kraken-vs-anaheim-ducks-2/,47.6219014,-122.353990491486,Weather forecast not found for specific date
Andy Coe Band,3/29/2024,Nectar Lounge,Music,Fremont / Ballard,https://visitseattle.org/events/andy-coe-band/,47.6523876,-122.3538541520202,Weather forecast not found for specific date
DJ DAN with Max Gain,3/29/2024,High Dive,Music,Fremont / Ballard,https://visitseattle.org/events/dj-dan-with-max-gain/,41.7111625,-93.6318959,Weather forecast not found for specific date
Hamdi,3/29/2024,The Showbox,Music,Downtown,https://visitseattle.org/events/hamdi/,47.6085136,-122.3394726,Weather forecast not found for specific date
Loud Luxury,3/29/2024,Showbox SoDo,Music,Pioneer Square,https://visitseattle.org/events/loud-luxury/,47.5880461,-122.333928,Weather forecast not found for specific date
SAM Remix,3/29/2024,Seattle Art Museum,Museums,Downtown,https://visitseattle.org/events/sam-remix/,47.6077008,-122.3385575,Weather forecast not found for specific date
Tim McGraw,3/29/2024,Climate Pledge Arena,Music,Queen Anne / Seattle Center,https://visitseattle.org/events/tim-mcgraw/,47.6219014,-122.353990491486,Weather forecast not found for specific date
Fragments of the Sea II,3/7/2024 through 3/30/2024,Gallery 110,Visual Arts & Galleries,Pioneer Square,https://visitseattle.org/events/fragments-of-the-sea-ii/,47.6012826,-122.330069,Weather forecast not found for specific date
Harold and the Purple Crayon,3/23/2024 through 3/30/2024,Marion Oliver McCaw Hall,Dance,Queen Anne / Seattle Center,https://visitseattle.org/events/harold-and-the-purple-crayon/,47.62397705,-122.35038850536958,Weather forecast not found for specific date
Cowboy Disco,3/30/2024,High Dive,Music,Fremont / Ballard,https://visitseattle.org/events/cowboy-disco/,41.7111625,-93.6318959,Weather forecast not found for specific date
Danny Brown,3/30/2024,The Showbox,Music,Downtown,https://visitseattle.org/events/danny-brown/,47.6085136,-122.3394726,Weather forecast not found for specific date
Monster Jam,3/30/2024,Lumen Field,Festivals & Special Events,Pioneer Square,https://visitseattle.org/events/monster-jam/,47.5953459,-122.33164431196111,Weather forecast not found for specific date
Seattle Kraken vs. Dallas Stars,3/30/2024,Climate Pledge Arena,Sports,Queen Anne / Seattle Center,https://visitseattle.org/events/seattle-kraken-vs-dallas-stars/,47.6219014,-122.353990491486,Weather forecast not found for specific date
Timmy Trumpet’s Freakshow,3/30/2024,Showbox SoDo,Music,Pioneer Square,https://visitseattle.org/events/timmy-trumpets-freakshow/,47.5880461,-122.333928,Weather forecast not found for specific date
Illuminate: Glass Art for Early Learners,Now through 3/31/2024,Museum of Glass,Museums,South,https://visitseattle.org/events/illuminate-glass-art-for-early-learners/,47.24582405,-122.43381971536058,Weather forecast not found for specific date
Al Young’s 1970 Dodge Challenger Drag Racer,Now through 3/31/2024,Museum of History & Industry,Museums,Queen Anne / Seattle Center,https://visitseattle.org/events/al-youngs-1970-dodge-challenger-drag-racer/,47.6275114,-122.3367506,Weather forecast not found for specific date
Shine On Seattle,Now through 3/31/2024,Pioneer Square,Festivals & Special Events,Pioneer Square,https://visitseattle.org/events/shine-on-seattle/,45.5189007,-122.67929660431365,Weather forecast not found for specific date
Exhibition Tour: Calder,Now through 3/31/2024,Seattle Art Museum,Museums,Downtown,https://visitseattle.org/events/exhibition-tour-calder/,47.6077008,-122.3385575,Weather forecast not found for specific date
Public Tour: Highlights from SAM’s Collection,Now through 3/31/2024,Seattle Art Museum,Museums,Downtown,https://visitseattle.org/events/public-tour-highlights-from-sams-collection/,47.6077008,-122.3385575,Weather forecast not found for specific date
Public Tour: Journeys Through Time and Space,Now through 3/31/2024,Seattle Asian Art Museum,Museums,Capitol Hill / Central District,https://visitseattle.org/events/public-tour-journeys-through-time-and-space/,47.63029565,-122.31413540328062,Weather forecast not found for specific date
Sanctuary City,Now through 3/31/2024,Seattle Rep,Theatre,Queen Anne / Seattle Center,https://visitseattle.org/events/sanctuary-city/,47.6145597,-122.3285576,Weather forecast not found for specific date
Stew,3/15/2024 through 3/31/2024,ACT Theatre,Theatre,Downtown,https://visitseattle.org/events/stew/,47.6108495,-122.3323262,Weather forecast not found for specific date
Sakura-Con 2024,3/29/2024 through 3/31/2024,Seattle Convention Center,Festivals & Special Events,Downtown,https://visitseattle.org/events/sakura-con-2024/,47.61175385,-122.33156275066185,Weather forecast not found for specific date
Noize MC,4/1/2024,The Showbox,Music,Downtown,https://visitseattle.org/events/noize-mc/,47.6085136,-122.3394726,Weather forecast not found for specific date
Joey Harkum,4/2/2024,High Dive,Music,Fremont / Ballard,https://visitseattle.org/events/joey-harkum/,41.7111625,-93.6318959,Weather forecast not found for specific date
The 350’s,4/2/2024,Sea Monster Lounge,Music,Wallingford / Greenlake,https://visitseattle.org/events/the-350s/,47.6615049,-122.332319,Weather forecast not found for specific date
Sleater-Kinney,4/2/2024 through 4/3/2024,The Showbox,Music,Downtown,https://visitseattle.org/events/sleater-kinney/,47.6085136,-122.3394726,Weather forecast not found for specific date
Hippie Sabotage,4/3/2024,Showbox SoDo,Music,Pioneer Square,https://visitseattle.org/events/hippie-sabotage/,47.5880461,-122.333928,Weather forecast not found for specific date
Aan,4/4/2024,Sunset Tavern,Music,Fremont / Ballard,https://visitseattle.org/events/aan/,36.0254577,-114.9637699,Weather forecast not found for specific date
Luis Miguel,4/4/2024,Climate Pledge Arena,Music,Queen Anne / Seattle Center,https://visitseattle.org/events/luis-miguel/,47.6219014,-122.353990491486,Weather forecast not found for specific date
Taylor Raven and Duke Kim in Recital,4/4/2024,Opera Center,Music,Queen Anne / Seattle Center,https://visitseattle.org/events/taylor-raven-and-duke-kim-in-recital/,44.43358325,26.079138268508792,Weather API response code: 404
Arizona Zervas,4/5/2024,Nectar Lounge,Music,Fremont / Ballard,https://visitseattle.org/events/arizona-zervas/,47.6523876,-122.3538541520202,Weather forecast not found for specific date
GARZA of Thievery Corporation,4/5/2024,Nectar Lounge,Music,Fremont / Ballard,https://visitseattle.org/events/garza-of-thievery-corporation/,47.6523876,-122.3538541520202,Weather forecast not found for specific date
Jo Koy,4/5/2024,Climate Pledge Arena,Theatre,Queen Anne / Seattle Center,https://visitseattle.org/events/jo-koy/,47.6219014,-122.353990491486,Weather forecast not found for specific date
R.A.P. Ferreira,4/5/2024,High Dive,Music,Fremont / Ballard,https://visitseattle.org/events/r-a-p-ferreira/,41.7111625,-93.6318959,Weather forecast not found for specific date
The Veronicas,4/5/2024,The Showbox,Music,Downtown,https://visitseattle.org/events/the-veronicas/,47.6085136,-122.3394726,Weather forecast not found for specific date
Weep Wave,4/5/2024,Sunset Tavern,Music,Fremont / Ballard,https://visitseattle.org/events/weep-wave/,36.0254577,-114.9637699,Weather forecast not found for specific date
XAVI,4/5/2024,Showbox SoDo,Music,Pioneer Square,https://visitseattle.org/events/xavi/,47.5880461,-122.333928,Weather forecast not found for specific date
Copland Appalachian Spring,4/4/2024 through 4/6/2024,Benaroya Hall,Music,Downtown,https://visitseattle.org/events/copland-appalachian-spring/,47.60811665,-122.33697040702705,Weather forecast not found for specific date
Asher Roth,4/6/2024,Nectar Lounge,Music,Fremont / Ballard,https://visitseattle.org/events/asher-roth/,47.6523876,-122.3538541520202,Weather forecast not found for specific date
Peekaboo,4/6/2024,Showbox SoDo,Music,Pioneer Square,https://visitseattle.org/events/peekaboo/,47.5880461,-122.333928,Weather forecast not found for specific date
Red Bull Lords of Floor,4/6/2024,WaMu Theater,Dance,Pioneer Square,https://visitseattle.org/events/red-bull-lords-of-floor/,47.593154,-122.3329041,Weather forecast not found for specific date
Seattle Sounders FC vs. CF Montreal,4/6/2024,Lumen Field,Sports,Pioneer Square,https://visitseattle.org/events/seattle-sounders-fc-vs-cf-montreal/,47.5953459,-122.33164431196111,Weather forecast not found for specific date
Sultan and Shepard,4/6/2024,The Showbox,Music,Downtown,https://visitseattle.org/events/sultan-and-shepard/,47.6085136,-122.3394726,Weather forecast not found for specific date
Tom Segura,4/6/2024,Climate Pledge Arena,Theatre,Queen Anne / Seattle Center,https://visitseattle.org/events/tom-segura/,47.6219014,-122.353990491486,Weather forecast not found for specific date
La Vaughn Belle: A History of Unruly Returns,Now through 4/7/2024,National Nordic Museum,Museums,Fremont / Ballard,https://visitseattle.org/events/la-vaughn-belle-a-history-of-unruly-returns/,47.668285600000004,-122.39177691452363,Weather forecast not found for specific date
Beetlejuice,4/2/2024 through 4/7/2024,The Paramount Theatre,Theatre,Downtown,https://visitseattle.org/events/beetlejuice/,40.8697559,-73.42561952873208,Weather forecast not found for specific date
31 Nights,4/7/2024,High Dive,Music,Fremont / Ballard,https://visitseattle.org/events/31-nights/,41.7111625,-93.6318959,Weather forecast not found for specific date
Mom Jeans,4/7/2024,Showbox SoDo,Music,Pioneer Square,https://visitseattle.org/events/mom-jeans/,47.5880461,-122.333928,Weather forecast not found for specific date
Re + Re-TROS North America Tour,4/7/2024,The Showbox,Music,Downtown,https://visitseattle.org/events/re-re-tros-north-america-tour/,47.6085136,-122.3394726,Weather forecast not found for specific date
American Broke,4/9/2024,Sunset Tavern,Music,Fremont / Ballard,https://visitseattle.org/events/american-broke/,36.0254577,-114.9637699,Weather forecast not found for specific date
Seattle Kraken vs. Arizona Coyotes,4/9/2024,Climate Pledge Arena,Sports,Queen Anne / Seattle Center,https://visitseattle.org/events/seattle-kraken-vs-arizona-coyotes/,47.6219014,-122.353990491486,Weather forecast not found for specific date
Alice Phoebe Lou,4/10/2024,The Showbox,Music,Downtown,https://visitseattle.org/events/alice-phoebe-lou/,47.6085136,-122.3394726,Weather forecast not found for specific date
All of Our Cornbread,4/10/2024,Sunset Tavern,Music,Fremont / Ballard,https://visitseattle.org/events/all-of-our-cornbread/,36.0254577,-114.9637699,Weather forecast not found for specific date
Hot Rod,4/10/2024,Sea Monster Lounge,Music,Wallingford / Greenlake,https://visitseattle.org/events/hot-rod/,47.6615049,-122.332319,Weather forecast not found for specific date
Hurricane Dreamz,4/10/2024,Sea Monster Lounge,Music,Wallingford / Greenlake,https://visitseattle.org/events/hurricane-dreamz/,47.6615049,-122.332319,Weather forecast not found for specific date
Seattle Kraken vs. San Jose Sharks,4/11/2024,Climate Pledge Arena,Sports,Queen Anne / Seattle Center,https://visitseattle.org/events/seattle-kraken-vs-san-jose-sharks/,47.6219014,-122.353990491486,Weather forecast not found for specific date
Set It Off,4/12/2024,The Showbox,Music,Downtown,https://visitseattle.org/events/set-it-off/,47.6085136,-122.3394726,Weather forecast not found for specific date
The Percussion: Sounds from Home,4/12/2024 through 4/13/2024,Benaroya Hall,Music,Downtown,https://visitseattle.org/events/the-percussion-sounds-from-home/,47.60811665,-122.33697040702705,Weather forecast not found for specific date
Afrobeats to the World,4/13/2024,The Crocodile,Music,Downtown,https://visitseattle.org/events/afrobeats-to-the-world/,47.6146474,-122.3490734,Weather forecast not found for specific date
Squirt,4/13/2024,Slim's Last Chance,Music,South Seattle,https://visitseattle.org/events/squirt/,47.5524903,-122.33389967462686,Weather forecast not found for specific date
Tina Fey and Amy Poehler: Restless Leg Tour,4/13/2024,WaMu Theater,Theatre,Pioneer Square,https://visitseattle.org/events/tina-fey-and-amy-poehler-restless-leg-tour/,47.593154,-122.3329041,Weather forecast not found for specific date
Honoring 50 Years of Papunya Tula Painting,Now through 4/14/2024,Seattle Art Museum,Museums,Downtown,https://visitseattle.org/events/honoring-50-years-of-papunya-tula-painting/,47.6077008,-122.3385575,Weather forecast not found for specific date
The Moors,3/22/2024 through 4/14/2024,Seattle Public Theater,Theatre,Wallingford / Greenlake,https://visitseattle.org/events/the-moors/,47.6821341,-122.3398325,Weather forecast not found for specific date
Mahler Symphony No. 3,4/11/2024 through 4/14/2024,Benaroya Hall,Music,Downtown,https://visitseattle.org/events/mahler-symphony-no-3/,47.60811665,-122.33697040702705,Weather forecast not found for specific date
Festal: Seattle Cherry Blossom & Japanese Cultural Festival,4/12/2024 through 4/14/2024,Seattle Center,Festivals & Special Events,Queen Anne / Seattle Center,https://visitseattle.org/events/festal-seattle-cherry-blossom-japanese-cultural-festival/,47.621255,-122.34974101387942,Weather forecast not found for specific date
Best of the Northwest Spring Show,4/13/2024 through 4/14/2024,Magnuson Park,Festivals & Special Events,University District,https://visitseattle.org/events/best-of-the-northwest-spring-show/,47.6819164,-122.25462087672659,Weather forecast not found for specific date
An Evening with Jinjoo Cho,4/19/2024,415 Westlake,Music,Queen Anne / Seattle Center,https://visitseattle.org/events/an-evening-with-jinjoo-cho/,47.622554,-122.3386578,Weather forecast not found for specific date
Dvorak Symphony No. 6,4/18/2024 through 4/20/2024,Benaroya Hall,Music,Downtown,https://visitseattle.org/events/dvorak-symphony-no-6/,47.60811665,-122.33697040702705,Weather forecast not found for specific date
Seattle Sounders FC vs. Vancouver Whitecaps FC,4/20/2024,Lumen Field,Sports,Pioneer Square,https://visitseattle.org/events/seattle-sounders-fc-vs-vancouver-whitecaps-fc/,47.5953459,-122.33164431196111,Weather forecast not found for specific date
The Seasons’ Canon,4/12/2024 through 4/21/2024,Marion Oliver McCaw Hall,Dance,Queen Anne / Seattle Center,https://visitseattle.org/events/the-seasons-canon/,47.62397705,-122.35038850536958,Weather forecast not found for specific date
DRUM TAO 30th Anniversary,4/22/2024,Benaroya Hall,Music,Downtown,https://visitseattle.org/events/drum-tao-30th-anniversary/,47.60811665,-122.33697040702705,Weather forecast not found for specific date
AJR,4/26/2024,Climate Pledge Arena,Music,Queen Anne / Seattle Center,https://visitseattle.org/events/ajr/,47.6219014,-122.353990491486,Weather forecast not found for specific date
Seattle Restaurant Week,4/14/2024 through 4/27/2024,"Seattle, WA",Festivals & Special Events,Downtown,https://visitseattle.org/events/seattle-restaurant-week/,47.6038321,-122.330062,Weather forecast not found for specific date
Disney’s Aladdin,4/24/2024 through 4/28/2024,The Paramount Theatre,Theatre,Downtown,https://visitseattle.org/events/disneys-aladdin/,40.8697559,-73.42561952873208,Weather forecast not found for specific date
Antarctic Symphony,4/25/2024 through 4/28/2024,Benaroya Hall,Music,Downtown,https://visitseattle.org/events/antarctic-symphony/,47.60811665,-122.33697040702705,Weather forecast not found for specific date
Skagit Valley Tulip Festival,4/1/2024 through 4/30/2024,Skagit Valley Tulip Festival,Festivals & Special Events,North,https://visitseattle.org/events/skagit-valley-tulip-festival/,48.4176355,-122.3380122,Weather forecast not found for specific date
My Dinner with SAM,5/2/2024,Olympic Sculpture Park,Museums,Downtown,https://visitseattle.org/events/my-dinner-with-sam-2/,47.6162378,-122.35431328817567,Weather forecast not found for specific date
Noah Geller’s Playlist,5/3/2024 through 5/4/2024,Benaroya Hall,Music,Downtown,https://visitseattle.org/events/noah-gellers-playlist/,47.60811665,-122.33697040702705,Weather forecast not found for specific date
Broadway Spectacular,5/4/2024,Cornish Playhouse at Seattle Center,Music,Queen Anne / Seattle Center,https://visitseattle.org/events/broadway-spectacular/,N/A,N/A,N/A
Festal: Asian Pacific Islander Heritage Month Celebration,5/4/2024,Seattle Center,Festivals & Special Events,Queen Anne / Seattle Center,https://visitseattle.org/events/festal-asian-pacific-islander-heritage-month-celebration/,47.621255,-122.34974101387942,Weather forecast not found for specific date
Opening Day of Boating Season,5/4/2024,Seattle Yacht Club,Festivals & Special Events,University District,https://visitseattle.org/events/opening-day-of-boating-season/,47.64534825,-122.30860586841534,Weather forecast not found for specific date
Jessica Jackson Hutchins: Wrecked and Righteous,Now through 5/5/2024,Frye Art Museum,Museums,Capitol Hill / Central District,https://visitseattle.org/events/jessica-jackson-hutchins-wrecked-and-righteous/,47.60719095,-122.32405377084555,Weather forecast not found for specific date
The Lion Tells His Tale,5/1/2024 through 5/5/2024,Broadway Performance Hall,Theatre,Capitol Hill / Central District,https://visitseattle.org/events/the-lion-tells-his-tale/,47.6158151,-122.32186077039998,Weather forecast not found for specific date
Seattle Sounders FC vs. LA Galaxy,5/5/2024,Lumen Field,Sports,Pioneer Square,https://visitseattle.org/events/seattle-sounders-fc-vs-la-galaxy/,47.5953459,-122.33164431196111,Weather forecast not found for specific date
Melanie Martinez,5/10/2024,Climate Pledge Arena,Music,Queen Anne / Seattle Center,https://visitseattle.org/events/melanie-martinez/,47.6219014,-122.353990491486,Weather forecast not found for specific date
Festal: Spirit of Africa,5/11/2024,Seattle Center,Festivals & Special Events,Queen Anne / Seattle Center,https://visitseattle.org/events/festal-spirit-of-africa/,47.621255,-122.34974101387942,Weather forecast not found for specific date
"Guma’ Gela:  Part Land, Part Sea, All Ancestry",Now through 5/12/2024,Wing Luke Museum,Museums,International District,https://visitseattle.org/events/guma-gela-part-land-part-sea-all-ancestry/,47.5982461,-122.3228705,Weather forecast not found for specific date
Jaune Quick-to-See Smith: Memory Map,Now through 5/12/2024,Seattle Art Museum,Museums,Downtown,https://visitseattle.org/events/jaune-quick-to-see-smith-memory-map/,47.6077008,-122.3385575,Weather forecast not found for specific date
Fat Ham,4/12/2024 through 5/12/2024,Seattle Rep,Theatre,Queen Anne / Seattle Center,https://visitseattle.org/events/fat-ham/,47.6145597,-122.3285576,Weather forecast not found for specific date
A Tale of Peter Rabbit,4/25/2024 through 5/12/2024,Seattle Children's Theatre,Theatre,Queen Anne / Seattle Center,https://visitseattle.org/events/a-tale-of-peter-rabbit/,47.6204553,-122.35225726215312,Weather forecast not found for specific date
The Lehman Trilogy,4/26/2024 through 5/12/2024,ACT Theatre,Theatre,Downtown,https://visitseattle.org/events/the-lehman-trilogy/,47.6108495,-122.3323262,Weather forecast not found for specific date
The Untold Story of Sharks | National Geographic Live,5/12/2024 through 5/14/2024,Benaroya Hall,Readings & Lectures,Downtown,https://visitseattle.org/events/the-untold-story-of-sharks-national-geographic-live/,47.60811665,-122.33697040702705,Weather forecast not found for specific date
Seattle Storm vs Minnesota Lynx,5/14/2024,Climate Pledge Arena,Sports,Queen Anne / Seattle Center,https://visitseattle.org/events/seattle-storm-vs-minnesota-lynx/,47.6219014,-122.353990491486,Weather forecast not found for specific date
The Rolling Stones,5/15/2024,Lumen Field,Music,Pioneer Square,https://visitseattle.org/events/the-rolling-stones/,47.5953459,-122.33164431196111,Weather forecast not found for specific date
Mother,5/17/2024,415 Westlake,Music,Queen Anne / Seattle Center,https://visitseattle.org/events/mother/,47.622554,-122.3386578,Weather forecast not found for specific date
Barber Violin Concerto,5/16/2024 through 5/18/2024,Benaroya Hall,Music,Downtown,https://visitseattle.org/events/barber-violin-concerto/,47.60811665,-122.33697040702705,Weather forecast not found for specific date
Festal: A Glimpse of China – Seattle Chinese Culture & Arts Festival,5/18/2024,"Seattle, WA",Festivals & Special Events,Downtown,https://visitseattle.org/events/festal-a-glimpse-of-china-seattle-chinese-culture-arts-festival/,47.6038321,-122.330062,Weather forecast not found for specific date
Seattle Sounders FC vs. Vancouver Whitecaps FC,5/18/2024,Lumen Field,Sports,Pioneer Square,https://visitseattle.org/events/seattle-sounders-fc-vs-vancouver-whitecaps-fc-2/,47.5953459,-122.33164431196111,Weather forecast not found for specific date
Seattle International Film Festival,5/9/2024 through 5/19/2024,"Seattle, WA",Festivals & Special Events,Downtown,https://visitseattle.org/events/seattle-international-film-festival/,47.6038321,-122.330062,Weather forecast not found for specific date
U District Street Fair,5/18/2024 through 5/19/2024,"Seattle, WA",Festivals & Special Events,Downtown,https://visitseattle.org/events/u-district-street-fair/,47.6038321,-122.330062,Weather forecast not found for specific date
Madness,5/22/2024,WaMu Theater,Music,Pioneer Square,https://visitseattle.org/events/madness/,47.593154,-122.3329041,Weather forecast not found for specific date
Seattle Storm vs. Indiana Fever,5/22/2024,Climate Pledge Arena,Sports,Queen Anne / Seattle Center,https://visitseattle.org/events/seattle-storm-vs-indiana-fever/,47.6219014,-122.353990491486,Weather forecast not found for specific date
The Barber of Seville,5/4/2024 through 5/24/2024,Marion Oliver McCaw Hall,Music,Queen Anne / Seattle Center,https://visitseattle.org/events/the-barber-of-seville/,47.62397705,-122.35038850536958,Weather forecast not found for specific date
Seattle Storm vs. Washington Mystics,5/25/2024,Climate Pledge Arena,Sports,Queen Anne / Seattle Center,https://visitseattle.org/events/seattle-storm-vs-washington-mystics/,47.6219014,-122.353990491486,Weather forecast not found for specific date
53rd Annual Northwest Folklife Festival,5/24/2024 through 5/27/2024,Seattle Center,Festivals & Special Events,Queen Anne / Seattle Center,https://visitseattle.org/events/53rd-annual-northwest-folklife-festival/,47.621255,-122.34974101387942,Weather forecast not found for specific date
Seattle Sounders FC vs. Real Salt Lake,5/29/2024,Lumen Field,Sports,Pioneer Square,https://visitseattle.org/events/seattle-sounders-fc-vs-real-salt-lake/,47.5953459,-122.33164431196111,Weather forecast not found for specific date
Caifanes and Cafe Tacvba,5/30/2024,WaMu Theater,Music,Pioneer Square,https://visitseattle.org/events/caifanes-and-cafe-tacvba/,47.593154,-122.3329041,Weather forecast not found for specific date
Unriveled,5/10/2024 through 6/2/2024,Seattle Public Theater,Theatre,Wallingford / Greenlake,https://visitseattle.org/events/unriveled/,47.6821341,-122.3398325,Weather forecast not found for specific date
HONK! Fest West,5/31/2024 through 6/2/2024,"Seattle, WA",Festivals & Special Events,Downtown,https://visitseattle.org/events/honk-fest-west/,47.6038321,-122.330062,Weather forecast not found for specific date
Festal: Pagdiriwang Philippine Festival,6/1/2024 through 6/2/2024,Seattle Center,Festivals & Special Events,Queen Anne / Seattle Center,https://visitseattle.org/events/festal-pagdiriwang-philippine-festival/,47.621255,-122.34974101387942,Weather forecast not found for specific date
Seattle Storm vs. Phoenix Mercury,6/4/2024,Climate Pledge Arena,Sports,Queen Anne / Seattle Center,https://visitseattle.org/events/seattle-storm-vs-phoenix-mercury/,47.6219014,-122.353990491486,Weather forecast not found for specific date
Festal: Indigenous People Festival,6/8/2024,Seattle Center,Festivals & Special Events,Queen Anne / Seattle Center,https://visitseattle.org/events/festal-indigenous-people-festival/,47.621255,-122.34974101387942,Weather forecast not found for specific date
George Balenchine’s Coppelia,5/31/2024 through 6/9/2024,Marion Oliver McCaw Hall,Dance,Queen Anne / Seattle Center,https://visitseattle.org/events/george-balenchines-coppelia/,47.62397705,-122.35038850536958,Weather forecast not found for specific date
Jan Lisiecki Plays Prokofiev,6/6/2024 through 6/9/2024,Benaroya Hall,Music,Downtown,https://visitseattle.org/events/jan-lisiecki-plays-prokofiev/,47.60811665,-122.33697040702705,Weather forecast not found for specific date
Seattle Storm vs. Los Angeles Sparks,6/11/2024,Climate Pledge Arena,Sports,Queen Anne / Seattle Center,https://visitseattle.org/events/seattle-storm-vs-los-angeles-sparks/,47.6219014,-122.353990491486,Weather forecast not found for specific date
Third Eye Blind,6/13/2024,WaMu Theater,Music,Pioneer Square,https://visitseattle.org/events/third-eye-blind/,47.593154,-122.3329041,Weather forecast not found for specific date
Beethoven Symphony No. 5,6/13/2024 through 6/15/2024,Benaroya Hall,Music,Downtown,https://visitseattle.org/events/beethoven-symphony-no-5/,47.60811665,-122.33697040702705,Weather forecast not found for specific date
Elizabeth Malaska: All Be Your Mirror,Now through 6/16/2024,Seattle Art Museum,Museums,Downtown,https://visitseattle.org/events/elizabeth-malaska-all-be-your-mirror/,47.6077008,-122.3385575,Weather forecast not found for specific date
ZooTunes: Mother Mother/Cavetown,6/16/2024,Woodland Park Zoo,Music,Wallingford / Greenlake,https://visitseattle.org/events/zootunes-mother-mother-cavetown/,47.669143399999996,-122.35096188536495,Weather forecast not found for specific date
ZooTunes: Car Seat Headrest,6/20/2024,Woodland Park Zoo,Music,Wallingford / Greenlake,https://visitseattle.org/events/zootunes-car-seat-headrest/,47.669143399999996,-122.35096188536495,Weather forecast not found for specific date
Joshua Bell Plays Elements Concerto,6/20/2024 through 6/22/2024,Benaroya Hall,Music,Downtown,https://visitseattle.org/events/joshua-bell-plays-elements-concerto/,47.60811665,-122.33697040702705,Weather forecast not found for specific date
Festal: Seattle Iranian Festival,6/22/2024,Seattle Center,Festivals & Special Events,Queen Anne / Seattle Center,https://visitseattle.org/events/festal-seattle-iranian-festival/,47.621255,-122.34974101387942,Weather forecast not found for specific date
Seattle Sounders FC vs. Minnesota United FC,6/22/2024,Lumen Field,Sports,Pioneer Square,https://visitseattle.org/events/seattle-sounders-fc-vs-minnesota-united-fc/,47.5953459,-122.33164431196111,Weather forecast not found for specific date
"Together Again, Again!",5/31/2024 through 6/23/2024,Seattle Rep,Theatre,Queen Anne / Seattle Center,https://visitseattle.org/events/together-again-again/,47.6145597,-122.3285576,Weather forecast not found for specific date
2024 KPMG Women’s PGA Championship,6/20/2024 through 6/23/2024,Sahalee Country Club,Sports,Bellevue / Eastside,https://visitseattle.org/events/2024-kpmg-womens-pga-championship/,47.6348885,-122.05701598333333,Weather forecast not found for specific date
Fremont Fair,6/22/2024 through 6/23/2024,Fremont Fair,Festivals & Special Events,Fremont/ Ballard,https://visitseattle.org/events/fremont-fair/,34.2659154,-85.2528375,Weather forecast not found for specific date
Lip Sync for Our Rights,6/22/2024 through 6/23/2024,Marion Oliver McCaw Hall,Music,Queen Anne / Seattle Center,https://visitseattle.org/events/lip-sync-for-our-rights/,47.62397705,-122.35038850536958,Weather forecast not found for specific date
Seattle Storm vs. Connecticut Sun,6/23/2024,Climate Pledge Arena,Sports,Queen Anne / Seattle Center,https://visitseattle.org/events/seattle-storm-vs-connecticut-sun/,47.6219014,-122.353990491486,Weather forecast not found for specific date
Seattle Storm vs. Indiana Fever,6/27/2024,Climate Pledge Arena,Sports,Queen Anne / Seattle Center,https://visitseattle.org/events/seattle-storm-vs-indiana-fever-2/,47.6219014,-122.353990491486,Weather forecast not found for specific date
Company,6/23/2024 through 6/28/2024,The Paramount Theatre,Music,Downtown,https://visitseattle.org/events/company/,40.8697559,-73.42561952873208,Weather forecast not found for specific date
Seattle Storm vs. Dallas Wings,6/29/2024,Climate Pledge Arena,Sports,Queen Anne / Seattle Center,https://visitseattle.org/events/seattle-storm-vs-dallas-wings/,47.6219014,-122.353990491486,Weather forecast not found for specific date
Sounders FC vs. Chicago Fire FC,6/29/2024,Lumen Field,Sports,Pioneer Square,https://visitseattle.org/events/sounders-fc-vs-chicago-fire-fc/,47.5953459,-122.33164431196111,Weather forecast not found for specific date
2024 University of Washington MFA + MDes Thesis Exhibition,5/24/2024 through 6/30/2024,Henry Art Gallery,Museums,University District,https://visitseattle.org/events/2024-university-of-washington-mfa-mdes-thesis-exhibition/,47.6565246,-122.31173279895636,Weather forecast not found for specific date
Spring Awakening,6/7/2024 through 6/30/2024,The 5th Avenue Theatre,Theatre,Downtown,https://visitseattle.org/events/spring-awakening/,39.7329068,-75.1300389,Weather forecast not found for specific date
Girl From The North Country,6/25/2024 through 6/30/2024,The Paramount Theatre,Music,Downtown,https://visitseattle.org/events/girl-from-the-north-country/,40.8697559,-73.42561952873208,Weather forecast not found for specific date
50th Annual Seattle Pride Parade 2024,6/30/2024,"Seattle, WA",Festivals & Special Events,Downtown,https://visitseattle.org/events/50th-annual-seattle-pride-parade-2024/,47.6038321,-122.330062,Weather forecast not found for specific date
Seattle Storm vs Dallas Wings,7/1/2024,Climate Pledge Arena,Sports,Queen Anne / Seattle Center,https://visitseattle.org/events/seattle-storm-vs-dallas-wings-2/,47.6219014,-122.353990491486,Weather forecast not found for specific date
Amazon Seafair Summer Fourth,7/4/2024,Gas Works Park,Festivals & Special Events,Wallingford / Greenlake,https://visitseattle.org/events/amazon-seafair-summer-fourth/,47.645597550000005,-122.33492837810945,Weather forecast not found for specific date
Seattle Storm vs. Chicago Sky,7/5/2024,Climate Pledge Arena,Sports,Queen Anne / Seattle Center,https://visitseattle.org/events/seattle-storm-vs-chicago-sky/,47.6219014,-122.353990491486,Weather forecast not found for specific date
Seattle Sounders FC vs. New England Revolution,7/6/2024,Lumen Field,Sports,Pioneer Square,https://visitseattle.org/events/seattle-sounders-fc-vs-new-england-revolution/,47.5953459,-122.33164431196111,Weather forecast not found for specific date
"Anida Yoeu Ali: Hybrid Skin, Mythical Presence",Now through 7/7/2024,Seattle Asian Art Museum,Museums,Capitol Hill / Central District,https://visitseattle.org/events/anida-yoeu-ali-hybrid-skin-mythical-presence/,47.63029565,-122.31413540328062,Weather forecast not found for specific date
Seattle Storm vs.Chicago Sky,7/7/2024,Climate Pledge Arena,Sports,Queen Anne / Seattle Center,https://visitseattle.org/events/seattle-storm-vs-chicago-sky-2/,47.6219014,-122.353990491486,Weather forecast not found for specific date
Seattle Storm vs. Las Vegas Aces,7/10/2024,Climate Pledge Arena,Sports,Queen Anne / Seattle Center,https://visitseattle.org/events/seattle-storm-vs-las-vegas-aces/,47.6219014,-122.353990491486,Weather forecast not found for specific date
Seattle Storm vs. Minnesota Lynx,7/12/2024,Climate Pledge Arena,Sports,Queen Anne / Seattle Center,https://visitseattle.org/events/seattle-storm-vs-minnesota-lynx-2/,47.6219014,-122.353990491486,Weather forecast not found for specific date
Festal: Polish Festival Seattle,7/13/2024,Seattle Center,Festivals & Special Events,Queen Anne / Seattle Center,https://visitseattle.org/events/festal-polish-festival-seattle/,47.621255,-122.34974101387942,Weather forecast not found for specific date
Kenny Chesney with Zac Brown Band,7/13/2024,Lumen Field,Music,Pioneer Square,https://visitseattle.org/events/kenny-chesney-with-zac-brown-band/,47.5953459,-122.33164431196111,Weather forecast not found for specific date
Ballard SeafoodFest,7/12/2024 through 7/14/2024,Ballard Neighborhood,Festivals & Special Events,Fremont / Ballard,https://visitseattle.org/events/ballard-seafoodfest/,47.6854512,-122.3877936,Weather forecast not found for specific date
Day In Day Out Festival,7/12/2024 through 7/14/2024,Fisher Pavilion,Music,Queen Anne / Seattle Center,https://visitseattle.org/events/day-in-day-out-festival/,47.621137700000006,-122.35223534363537,Weather forecast not found for specific date
Seattle Storm vs. Atlanta Dream,7/14/2024,Climate Pledge Arena,Sports,Queen Anne / Seattle Center,https://visitseattle.org/events/seattle-storm-vs-atlanta-dream/,47.6219014,-122.353990491486,Weather forecast not found for specific date
Seattle Sounders FC vs. St. Louis SC,7/17/2024,Lumen Field,Sports,Pioneer Square,https://visitseattle.org/events/seattle-sounders-fc-vs-st-louis-sc/,47.5953459,-122.33164431196111,Weather forecast not found for specific date
Seattle Sounders FC vs. Los Angeles FC,7/20/2024,Lumen Field,Sports,Pioneer Square,https://visitseattle.org/events/seattle-sounders-fc-vs-los-angeles-fc/,47.5953459,-122.33164431196111,Weather forecast not found for specific date
Nordic Utopia: African Americans in the 20th Century,3/22/2024 through 7/21/2024,National Nordic Museum,Museums,Fremont / Ballard,https://visitseattle.org/events/nordic-utopia-african-americans-in-the-20th-century/,47.668285600000004,-122.39177691452363,Weather forecast not found for specific date
Clue,7/9/2024 through 7/21/2024,The 5th Avenue Theatre,Theatre,Downtown,https://visitseattle.org/events/clue/,39.7329068,-75.1300389,Weather forecast not found for specific date
35th Annual Seafair Indian Days Powwow,7/19/2024 through 7/21/2024,Daybreak Star Indian Cultural Center,Festivals & Special Events,Queen Anne / Seattle Center,https://visitseattle.org/events/35th-annual-seafair-indian-days-powwow/,47.66793175,-122.41801561771682,Weather forecast not found for specific date
Capitol Hill Block Party,7/19/2024 through 7/21/2024,Capitol Hill Block Party,Festivals & Special Events,Capitol Hill / Central District,https://visitseattle.org/events/capitol-hill-block-party/,N/A,N/A,N/A
Seafair Triathlon,7/21/2024,Seward Park,Festivals & Special Events,South Seattle,https://visitseattle.org/events/seafair-triathlon/,40.71488705,-73.989126508281,Weather forecast not found for specific date
ZooTunes: The Roots,7/21/2024,Woodland Park Zoo,Music,Wallingford / Greenlake,https://visitseattle.org/events/zootunes-the-roots/,47.669143399999996,-122.35096188536495,Weather forecast not found for specific date
ZooTunes: Violent Femmes,7/25/2024,Woodland Park Zoo,Music,Wallingford / Greenlake,https://visitseattle.org/events/zootunes-violent-femmes/,47.669143399999996,-122.35096188536495,Weather forecast not found for specific date
Alaska Airlines Torchlight Parade,7/27/2024,Westlake Park,Festivals & Special Events,Downtown,https://visitseattle.org/events/alaska-airlines-torchlight-parade/,47.61088555,-122.33697469928094,Weather forecast not found for specific date
"Be Water, My Friend: The Teachings Of Bruce Lee",Now through 7/28/2024,Wing Luke Museum,Museums,International District,https://visitseattle.org/events/be-water-my-friend-the-teachings-of-bruce-lee/,47.5982461,-122.3228705,Weather forecast not found for specific date
Seattle Art Fair,7/25/2024 through 7/28/2024,Lumen Field,Festivals & Special Events,Pioneer Square,https://visitseattle.org/events/seattle-art-fair/,47.5953459,-122.33164431196111,Weather forecast not found for specific date
Festal: Seattle Arab Festival,7/27/2024 through 7/28/2024,Seattle Center,Festivals & Special Events,Queen Anne / Seattle Center,https://visitseattle.org/events/festal-seattle-arab-festival/,47.621255,-122.34974101387942,Weather forecast not found for specific date
ZooTunes: Norah Jones,7/29/2024,Woodland Park Zoo,Music,Wallingford / Greenlake,https://visitseattle.org/events/zootunes-norah-jones/,47.669143399999996,-122.35096188536495,Weather forecast not found for specific date
ZooTunes: The Decemberists,7/31/2024 through 8/1/2024,Woodland Park Zoo,Music,Wallingford / Greenlake,https://visitseattle.org/events/zootunes-the-decemberists/,47.669143399999996,-122.35096188536495,Weather forecast not found for specific date
Boeing Seafair Air Show,8/2/2024 through 8/4/2024,Genesee Park and Playfield,Festivals & Special Events,South Seattle,https://visitseattle.org/events/boeing-seafair-air-show/,47.56235875,-122.27863228185174,Weather forecast not found for specific date
Seafair Weekend Festival,8/2/2024 through 8/4/2024,Genesee Park and Playfield,Festivals & Special Events,South Seattle,https://visitseattle.org/events/seafair-weekend-festival/,47.56235875,-122.27863228185174,Weather forecast not found for specific date
Olivia Rodrigo,8/6/2024 through 8/7/2024,Climate Pledge Arena,Music,Queen Anne / Seattle Center,https://visitseattle.org/events/olivia-rodrigo/,47.6219014,-122.353990491486,Weather forecast not found for specific date
Seattle Festival of Dance + Improvisation,7/14/2024 through 8/11/2024,Velocity Dance Center,Dance,Capitol Hill / Central District,https://visitseattle.org/events/seattle-festival-of-dance-improvisation/,N/A,N/A,N/A
Festal: Tibet Fest,8/10/2024 through 8/11/2024,Seattle Center,Festivals & Special Events,Queen Anne / Seattle Center,https://visitseattle.org/events/festal-tibet-fest/,47.621255,-122.34974101387942,Weather forecast not found for specific date
ZooTunes: Sierra Ferrell,8/11/2024,Woodland Park Zoo,Music,Wallingford / Greenlake,https://visitseattle.org/events/zootunes-sierra-ferrell/,47.669143399999996,-122.35096188536495,Weather forecast not found for specific date
ZooTunes: The Japanese House,8/12/2024,Woodland Park Zoo,Music,Wallingford / Greenlake,https://visitseattle.org/events/zootunes-the-japanese-house/,47.669143399999996,-122.35096188536495,Weather forecast not found for specific date
ZooTunes: Built to Spill,8/15/2024,Woodland Park Zoo,Music,Wallingford / Greenlake,https://visitseattle.org/events/zootunes-built-to-spill/,47.669143399999996,-122.35096188536495,Weather forecast not found for specific date
Festal: BrasilFest,8/18/2024,Seattle Center,Festivals & Special Events,Queen Anne / Seattle Center,https://visitseattle.org/events/festal-brasilfest/,47.621255,-122.34974101387942,Weather forecast not found for specific date
ZooTunes: Waxahatchee,8/18/2024,Woodland Park Zoo,Music,Wallingford / Greenlake,https://visitseattle.org/events/zootunes-waxahatchee/,47.669143399999996,-122.35096188536495,Weather forecast not found for specific date
ZooTunes: Alvvays,8/19/2024,Woodland Park Zoo,Music,Wallingford / Greenlake,https://visitseattle.org/events/zootunes-alvvays/,47.669143399999996,-122.35096188536495,Weather forecast not found for specific date
Elle King,8/21/2024,Woodland Park Zoo,Music,Wallingford / Greenlake,https://visitseattle.org/events/elle-king/,47.669143399999996,-122.35096188536495,Weather forecast not found for specific date
Festal: Festival Sundiata presents Black Arts Fest,8/23/2024 through 8/24/2024,"Seattle, WA",Festivals & Special Events,Downtown,https://visitseattle.org/events/festal-festival-sundiata-presents-black-arts-fest/,47.6038321,-122.330062,Weather forecast not found for specific date
Seattle Storm vs. Washington Mystics,8/26/2024,Climate Pledge Arena,Sports,Queen Anne / Seattle Center,https://visitseattle.org/events/seattle-storm-vs-washington-mystics-2/,47.6219014,-122.353990491486,Weather forecast not found for specific date
Seattle Storm vs. Atlanta Dream,8/28/2024,Climate Pledge Arena,Sports,Queen Anne / Seattle Center,https://visitseattle.org/events/seattle-storm-vs-atlanta-dream-2/,47.6219014,-122.353990491486,Weather forecast not found for specific date
Seattle Storm vs. New York Liberty,8/30/2024,Climate Pledge Arena,Sports,Queen Anne / Seattle Center,https://visitseattle.org/events/seattle-storm-vs-new-york-liberty/,47.6219014,-122.353990491486,Weather forecast not found for specific date
Hidden Worlds: The Films of LAIKA,Now through 8/31/2024,MoPOP Museum of Pop Culture,Museums,Queen Anne / Seattle Center,https://visitseattle.org/events/hidden-worlds-the-films-of-laika/,47.621493099999995,-122.34822527405619,Weather forecast not found for specific date
Metallica,8/30/2024 through 9/1/2024,Lumen Field,Music,Pioneer Square,https://visitseattle.org/events/metallica/,47.5953459,-122.33164431196111,Weather forecast not found for specific date
Poke in the Eye: Art of the West Coast Counterculture,6/21/2024 through 9/2/2024,Seattle Art Museum,Museums,Downtown,https://visitseattle.org/events/poke-in-the-eye-art-of-the-west-coast-counterculture/,47.6077008,-122.3385575,Weather forecast not found for specific date
"Chicago and Earth, Wind & Fire,",9/3/2024,Climate Pledge Arena,Music,Queen Anne / Seattle Center,https://visitseattle.org/events/chicago-and-earth-wind-fire/,47.6219014,-122.353990491486,Weather forecast not found for specific date
Seattle Storm vs. Phoenix Mercury,9/7/2024,Climate Pledge Arena,Sports,Queen Anne / Seattle Center,https://visitseattle.org/events/seattle-storm-vs-phoenix-mercury-2/,47.6219014,-122.353990491486,Weather forecast not found for specific date
Sum 41,9/7/2024,WaMu Theater,Music,Pioneer Square,https://visitseattle.org/events/sum-41/,47.593154,-122.3329041,Weather forecast not found for specific date
Festal: Live Aloha Hawaiian Cultural Festival,9/8/2024,Seattle Center,Festivals & Special Events,Queen Anne / Seattle Center,https://visitseattle.org/events/festal-live-aloha-hawaiian-cultural-festival/,47.621255,-122.34974101387942,Weather forecast not found for specific date
Sound Check! The Music We Make,Now through 9/14/2024,Wing Luke Museum,Museums,International District,https://visitseattle.org/events/sound-check-the-music-we-make/,47.5982461,-122.3228705,Weather forecast not found for specific date
2024 Apple Cup,9/14/2024,Lumen Field,Sports,Pioneer Square,https://visitseattle.org/events/2024-apple-cup/,47.5953459,-122.33164431196111,Weather forecast not found for specific date
Festal: Sea Mar Fiestas Patrias,9/14/2024 through 9/15/2024,Seattle Center,Festivals & Special Events,Queen Anne / Seattle Center,https://visitseattle.org/events/festal-sea-mar-fiestas-patrias/,47.621255,-122.34974101387942,Weather forecast not found for specific date
Seattle Sounders FC vs. Sporting Kansas City,9/15/2024,Lumen Field,Sports,Pioneer Square,https://visitseattle.org/events/seattle-sounders-fc-vs-sporting-kansas-city/,47.5953459,-122.33164431196111,Weather forecast not found for specific date
